Sample,Weight Frac
0,Empty
1,0
2,0.1161168
3,0.2322336
4,0.3483504
5,0.4644672
6,0.580584
7,0.6967008
8,0.8128176
9,0.9289344
10,1.0450512
11,1.161168
